Query,Genus/Species,Nucleotide_acc,start,end,dir,AA_seq
WP_192886500.1,Agrobacterium sp. LAD9,NZ_PHGS01000013.1,38720,38606,-,VSAVSPRRRRSFPCGLPRASGTNALNDQTAHESICIE
WP_192886500.1,Agrobacterium sp. LAD9,NZ_PHGS01000013.1,38725,38611,-,MRCRLYRPGGGEASLAACRAPAAQTLSTTRQRTNLSV
WP_192886500.1,Agrobacterium sp. LAD9,NZ_PHGS01000013.1,38735,38846,+,LPPSPLPPLLFAAVGRVAHVGATRQKGGPARGAGRS
WP_192886500.1,Agrobacterium sp. LAD9,NZ_PHGS01000013.1,38750,38846,+,LPPLLFAAVGRVAHVGATRQKGGPARGAGRS
WP_192886500.1,Agrobacterium sp. LAD9,NZ_PHGS01000013.1,39897,39792,-,MVAIISSTLPDPSPQAASPSRRVKGRHSRAKLHP
WP_192886500.1,Agrobacterium sp. LAD9,NZ_PHGS01000013.1,39943,40048,+,XXXXXXXXXXXXXXXXXXXXXXXXXXXXXXXXXXX
WP_192886500.1,Agrobacterium sp. LAD9,NZ_PHGS01000013.1,41055,40959,-,MVASFLQLRIARSVTHLSGPREAATNYPMTH
WP_192886500.1,Agrobacterium sp. LAD9,NZ_PHGS01000013.1,42182,42074,-,LRASGPSGNLRRSFVPAFPLGTPPSDQLSGFTAGK
WP_192886500.1,Agrobacterium sp. LAD9,NZ_PHGS01000013.1,42206,42317,+,VKPDTARSLPAAISADRSLKPSRETPSSSANYRSVS
WP_192886500.1,Agrobacterium sp. LAD9,NZ_PHGS01000013.1,42490,42388,-,LIQRSLARVSIMDCPILGAVIGPAWCSFRGPMV
WP_192886500.1,Agrobacterium sp. LAD9,NZ_PHGS01000013.1,43995,44106,+,LTSNILLDVAFWPNPWRTKCGLDGPILKPKGESNDS
WP_192886500.1,Agrobacterium sp. LAD9,NZ_PHGS01000013.1,44026,43921,-,MQHQVEYYLSINYIYSCIISKISCPRVAYIVCDP
WP_192886500.1,Agrobacterium sp. LAD9,NZ_PHGS01000013.1,44035,43921,-,LAKMQHQVEYYLSINYIYSCIISKISCPRVAYIVCDP
WP_192886500.1,Agrobacterium sp. LAD9,NZ_PHGS01000013.1,44041,43921,-,MGLAKMQHQVEYYLSINYIYSCIISKISCPRVAYIVCDP
WP_192886500.1,Agrobacterium sp. LAD9,NZ_PHGS01000013.1,44078,43979,-,LSIGPSSPHLVRHGFGQNATSSRILLVNQLYI
WP_192886500.1,Agrobacterium sp. LAD9,NZ_PHGS01000013.1,44084,43979,-,LGLSIGPSSPHLVRHGFGQNATSSRILLVNQLYI
WP_192886500.1,Agrobacterium sp. LAD9,NZ_PHGS01000013.1,46717,46837,+,VSIPRAIMHVTDRSGADLPTSYMRRRPCSRKYQTDGTAT
WP_192886500.1,Agrobacterium sp. LAD9,NZ_PHGS01000013.1,46738,46837,+,MHVTDRSGADLPTSYMRRRPCSRKYQTDGTAT
WP_192886500.1,Agrobacterium sp. LAD9,NZ_PHGS01000013.1,46760,46874,+,VPTCPRLTCDDDLVPGNTRRTGRPRDGTALRKSARSA
WP_192886500.1,Agrobacterium sp. LAD9,NZ_PHGS01000013.1,47301,47409,+,MTIHPKALKSFNFPFRAVKVPGPNYSSLLVSTALF
WP_192886500.1,Agrobacterium sp. LAD9,NZ_PHGS01000013.1,50045,50141,+,MRGEEGNKKTTFAACPPAASRVKLRQASACP
WP_192886500.1,Agrobacterium sp. LAD9,NZ_PHGS01000013.1,50204,50102,-,LPSSLQPFLTPPLTPPLRPGVSRAGGCLAKLYP
WP_192886500.1,Agrobacterium sp. LAD9,NZ_PHGS01000013.1,56510,56609,+,LSPADRGGQIVFDACPPAVHARRPAGICKIVK
